번호,시도,시군구,주소,주택유형,신청자수,x,y,img,geometry,deposit,m2,deposit_m2,distanceM_near_station,near_station,distance_comp,expected_time
102,서울특별시,서울 강동구,"서울 강동구 길동 350-3, 350-17, 350-18 더힐스빌 3층 304호",오피스텔(주거용),3776,37.5407044799123,127.143234847566,http://www.khug.or.kr/updata/khgc/khgccms/cms/upload/1264/20241002182015336.jpg,POINT (127.143234847566 37.5407044799123),26640.0,44.28,601.6260162601626,434.03213445198406,길동,10.820210081115079,35.70669326767976
101,서울특별시,서울 강북구,"서울 강북구 미아동 325-1, 325-52 경일리치빌3차 4층 401호",다세대주택,316,37.6197148882908,127.026521316006,http://www.khug.or.kr/updata/khgc/khgccms/cms/upload/1264/20241002183547782.jpg,POINT (127.026521316006 37.6197148882908),19350.0,29.42,657.7158395649218,588.4641406721308,미아사거리 ,11.477580602654296,37.87601598875917
100,서울특별시,서울 강북구,서울 강북구 수유동 252-23 유화빌 A동 3층 302호,다세대주택,319,37.6459701290476,127.021313263692,http://www.khug.or.kr/updata/khgc/khgccms/cms/upload/1264/20241002182225362.jpg,POINT (127.021313263692 37.6459701290476),18810.0,42.29,444.78600141877513,852.7586568636551,수유(강북구청),14.14878544110128,46.690991955634225
99,서울특별시,서울 강서구,서울 강서구 방화동 134-10 션밸리 4층 402호,다세대주택,237,37.5776169373646,126.818677032503,http://www.khug.or.kr/updata/khgc/khgccms/cms/upload/1264/20240926171515439.png,POINT (126.818677032503 37.5776169373646),13500.0,35.77,377.4112384679899,601.9199032293384,방화,23.344085698184102,77.03548280400753
98,서울특별시,서울 강서구,"서울 강서구 방화동 323-3, 323-14 마곡그린필 6층 601호",다세대주택,203,37.5775200663355,126.815873818949,http://www.khug.or.kr/updata/khgc/khgccms/cms/upload/1264/20240926165603036.png,POINT (126.815873818949 37.5775200663355),17190.0,29.74,578.0094149293881,321.59385746271386,방화,23.608037988280017,77.90652536132406
97,서울특별시,서울 강서구,서울 강서구 화곡동 1040 해비치빌 6층 601호,다세대주택,116,37.5427592152761,126.833035642205,http://www.khug.or.kr/updata/khgc/khgccms/cms/upload/1264/20241002173904447.jpg,POINT (126.833035642205 37.5427592152761),20160.0,26.23,768.5855890202058,729.5335495370407,우장산,21.102694738495266,69.63889263703437
96,서울특별시,서울 강서구,"서울 강서구 화곡동 161-36, 161-41 호성그린뷰 6층 601호",다세대주택,269,37.5350422558976,126.852967382426,http://www.khug.or.kr/updata/khgc/khgccms/cms/upload/1264/20240926171853534.png,POINT (126.852967382426 37.5350422558976),19350.0,56.04,345.2890792291221,715.828139946542,까치산,19.009679335065417,62.73194180571588
95,서울특별시,서울 강서구,서울 강서구 화곡동 24-148 동원에이스뷰 4층 401호,오피스텔(주거용),158,37.5454407255175,126.846900017801,http://www.khug.or.kr/updata/khgc/khgccms/cms/upload/1264/20241002183835853.jpg,POINT (126.846900017801 37.5454407255175),23670.0,41.87,565.3212323859566,741.3450868941469,화곡,19.791059140156822,65.31049516251751
94,서울특별시,서울 강서구,서울 강서구 화곡동 351-36 더그레이스 4층 404호,다세대주택,200,37.5349528319623,126.843264928848,http://www.khug.or.kr/updata/khgc/khgccms/cms/upload/1264/20241002182409528.jpg,POINT (126.843264928848 37.5349528319623),18900.0,29.92,631.6844919786096,384.65864789758376,까치산,19.967651913085625,65.89325131318256
93,서울특별시,서울 강서구,서울 강서구 화곡동 408-56 동화팰리스 1층 203호,다세대주택,118,37.5369337784441,126.845115120578,http://www.khug.or.kr/updata/khgc/khgccms/cms/upload/1264/20241002183848974.jpg,POINT (126.845115120578 37.5369337784441),18450.0,29.99,615.2050683561188,454.0644667349373,까치산,19.814756036339364,65.3886949199199
92,서울특별시,서울 강서구,"서울 강서구 화곡동 410-118, 410-119 동화빌 2층 304호",다세대주택,177,37.5373079407926,126.846546999228,http://www.khug.or.kr/updata/khgc/khgccms/cms/upload/1264/20240926172624354.png,POINT (126.846546999228 37.5373079407926),13590.0,25.54,532.1064996084573,477.65123609596617,까치산,19.67930588049915,64.94170940564719
91,서울특별시,서울 강서구,서울 강서구 화곡동 410-263 더존퍼스트 2층 202호,다세대주택,122,37.5382023026573,126.850361507953,http://www.khug.or.kr/updata/khgc/khgccms/cms/upload/1264/20241002174003362.jpg,POINT (126.850361507953 37.5382023026573),14760.0,28.98,509.3167701863354,699.1296506691558,까치산,19.31764790075754,63.74823807249987
90,서울특별시,서울 강서구,서울 강서구 화곡동 458-25 LK드림빌 B동 5층 502호,다세대주택,123,37.5352898403885,126.854779443906,http://www.khug.or.kr/updata/khgc/khgccms/cms/upload/1264/20240926170102302.png,POINT (126.854779443906 37.5352898403885),14670.0,28.18,520.5819730305182,895.1580067275412,까치산,18.834502380135078,62.153857854445754
89,서울특별시,서울 강서구,서울 강서구 화곡동 56-609 정은파크빌 103동 6층 601호,다세대주택,122,37.5397449820724,126.851494219969,http://www.khug.or.kr/updata/khgc/khgccms/cms/upload/1264/20240926165643684.png,POINT (126.851494219969 37.5397449820724),17730.0,41.92,422.9484732824427,890.5133846013573,까치산,19.232589995586288,63.467546985434744
88,서울특별시,서울 강서구,서울 강서구 화곡동 59 청송평화하이맨션 5층 501호,다세대주택,231,37.5416239266041,126.847745150171,http://www.khug.or.kr/updata/khgc/khgccms/cms/upload/1264/20241002183726279.jpg,POINT (126.847745150171 37.5416239266041),11520.0,39.99,288.0720180045011,696.0268334996432,화곡,19.635114070636455,64.7958764331003
87,서울특별시,서울 강서구,서울 강서구 화곡동 772-4 한가람빌라 3층 301호,다세대주택,142,37.545979738548,126.84980438444,http://www.khug.or.kr/updata/khgc/khgccms/cms/upload/1264/20240926173412201.png,POINT (126.84980438444 37.545979738548),14760.0,46.3,318.7904967602592,1018.2235979452594,화곡,19.51760152654215,64.40808503758909
86,서울특별시,서울 강서구,서울 강서구 화곡동 83-8 푸른풍경채 3층 303호,다세대주택,161,37.5473691783059,126.844385256653,http://www.khug.or.kr/updata/khgc/khgccms/cms/upload/1264/20241002183458536.jpg,POINT (126.844385256653 37.5473691783059),22230.0,40.25,552.2981366459627,710.8210796996066,화곡,20.076521342898616,66.25252043156543
85,서울특별시,서울 강서구,서울 강서구 화곡동 840-3 보노하우스7차 4층 402호,다세대주택,237,37.5314779267854,126.858899026935,http://www.khug.or.kr/updata/khgc/khgccms/cms/upload/1264/20241002174100471.jpg,POINT (126.858899026935 37.5314779267854),20340.0,44.52,456.8733153638814,853.4788924246769,신정(은행정),18.37064423538002,60.62312597675406
84,서울특별시,서울 관악구,"서울 관악구 신림동 92-219, 92-220 삼성아트빌 3층 301호",다세대주택,600,37.4778096529789,126.937022514044,http://www.khug.or.kr/updata/khgc/khgccms/cms/upload/1264/20240926170136327.png,POINT (126.937022514044 37.4778096529789),25650.0,48.01,534.2636950635284,378.7178818881987,서원,10.750039860170899,35.475131538563964
83,서울특별시,서울 관악구,"서울 관악구 신림동 94-25, 94-224 리더스힐 2층 201호",다세대주택,263,37.4766649204811,126.938562823795,http://www.khug.or.kr/updata/khgc/khgccms/cms/upload/1264/20241002173731596.jpg,POINT (126.938562823795 37.4766649204811),19710.0,29.99,657.2190730243415,553.5412565568674,서원,10.632241003944367,35.08639531301641
82,서울특별시,서울 관악구,"서울 관악구 신림동 94-25, 94-224 리더스힐 4층 401호",다세대주택,248,37.4766649204811,126.938562823795,http://www.khug.or.kr/updata/khgc/khgccms/cms/upload/1264/20241002173811890.jpg,POINT (126.938562823795 37.4766649204811),20070.0,29.99,669.2230743581194,553.5412565568674,서원,10.632241003944367,35.08639531301641
81,서울특별시,서울 관악구,"서울 관악구 신림동 94-25, 94-224 리더스힐 4층 402호",다세대주택,245,37.4766649204811,126.938562823795,http://www.khug.or.kr/updata/khgc/khgccms/cms/upload/1264/20241002173841145.jpg,POINT (126.938562823795 37.4766649204811),20070.0,29.97,669.6696696696697,553.5412565568674,서원,10.632241003944367,35.08639531301641
80,서울특별시,서울 관악구,"서울 관악구 신림동 94-25, 94-224 리더스힐 6층 601호",다세대주택,263,37.4766649204811,126.938562823795,http://www.khug.or.kr/updata/khgc/khgccms/cms/upload/1264/20241002173826167.jpg,POINT (126.938562823795 37.4766649204811),20070.0,29.99,669.2230743581194,553.5412565568674,서원,10.632241003944367,35.08639531301641
79,서울특별시,서울 구로구,"서울 구로구 개봉동 322-4, 322-19 마이빌7 2층 203호",다세대주택,137,37.4919516024168,126.852468638636,http://www.khug.or.kr/updata/khgc/khgccms/cms/upload/1264/20241002174113547.jpg,POINT (126.852468638636 37.4919516024168),20610.0,44.31,465.13202437373053,711.4595310779256,개봉,18.8848596482714,62.320036839295625
78,서울특별시,서울 구로구,"서울 구로구 개봉동 322-4, 322-19 마이빌7 3층 303호",다세대주택,229,37.4919516024168,126.852468638636,http://www.khug.or.kr/updata/khgc/khgccms/cms/upload/1264/20240926165947652.png,POINT (126.852468638636 37.4919516024168),17370.0,44.31,392.0108327691266,711.4595310779256,개봉,18.8848596482714,62.320036839295625
77,서울특별시,서울 구로구,"서울 구로구 개봉동 70-30, 70-31 라움 8층 801호",오피스텔(주거용),410,37.4980968979634,126.846445768147,http://www.khug.or.kr/updata/khgc/khgccms/cms/upload/1264/20241002175008507.jpg,POINT (126.846445768147 37.4980968979634),26730.0,56.45,473.5163861824623,328.7416589037673,오류동역,19.451454525455016,64.18979993400156
76,서울특별시,서울 구로구,"서울 구로구 구로동 109-1, 109-2 태형팰리스 102동 6층 603호",오피스텔(주거용),405,37.499681265311,126.8883871434,http://www.khug.or.kr/updata/khgc/khgccms/cms/upload/1264/20241002183741484.jpg,POINT (126.8883871434 37.499681265311),24840.0,29.98,828.552368245497,742.4885681194559,구로역,15.254336413451805,50.33931016439095
75,서울특별시,서울 구로구,"서울 구로구 오류동 6-59, 6-60, 6-114 락스테이 6층 602호",오피스텔(주거용),206,37.4950165595706,126.839877827086,http://www.khug.or.kr/updata/khgc/khgccms/cms/upload/1264/20241002182028187.jpg,POINT (126.839877827086 37.4950165595706),17370.0,29.97,579.5795795795796,502.92411478385054,오류동역,20.121949338248786,66.402432816221
74,서울특별시,서울 금천구,서울 금천구 독산동 1006-114 독산해담은 5층 501호,다세대주택,645,37.4650095328421,126.893530789306,http://www.khug.or.kr/updata/khgc/khgccms/cms/upload/1264/20240926171006998.png,POINT (126.893530789306 37.4650095328421),13770.0,37.32,368.9710610932476,453.25584813534056,독산,15.282853926135429,50.43341795624691
73,서울특별시,서울 금천구,"서울 금천구 독산동 877-1, 960-3 골드마운틴 7층 704호",오피스텔(주거용),349,37.4790834742234,126.904475872421,http://www.khug.or.kr/updata/khgc/khgccms/cms/upload/1264/20240926172850183.png,POINT (126.904475872421 37.4790834742234),21690.0,37.22,582.7512090274047,731.7523458565167,구로디지털단지,13.892980659120779,45.84683617509857
72,서울특별시,서울 금천구,"서울 금천구 독산동 993-55, 993-56 리치힐 2층 203호",다세대주택,114,37.4727989734606,126.905309577754,http://www.khug.or.kr/updata/khgc/khgccms/cms/upload/1264/20241002183754162.jpg,POINT (126.905309577754 37.4727989734606),20520.0,39.88,514.543630892678,1340.6583605056894,구로디지털단지,13.94652587374491,46.0235353833582
71,서울특별시,서울 금천구,서울 금천구 시흥동 823-37 자라하우스 4층 401호,다세대주택,133,37.4540927337961,126.908071537203,http://www.khug.or.kr/updata/khgc/khgccms/cms/upload/1264/20240926174118128.png,POINT (126.908071537203 37.4540927337961),19710.0,40.08,491.7664670658683,1364.2096007810428,금천구청역,14.246215669220339,47.01251170842712
70,서울특별시,서울 금천구,"서울 금천구 시흥동 828-4, 828-5, 828-8 2층 202호",다세대주택,101,37.4514410410088,126.908871209241,http://www.khug.or.kr/updata/khgc/khgccms/cms/upload/1264/20241002174016479.jpg,POINT (126.908871209241 37.4514410410088),17370.0,29.729,584.2779777321807,1495.0160934830628,금천구청역,14.270682876461521,47.093253492323015
69,서울특별시,서울 도봉구,서울 도봉구 도봉동 634-6 다이아포레 2층 202호,오피스텔(주거용),205,37.6721915911423,127.046848748564,http://www.khug.or.kr/updata/khgc/khgccms/cms/upload/1264/20240926173131652.jpg,POINT (127.046848748564 37.6721915911423),14490.0,38.99,371.6337522441652,327.76642418954,도봉역,16.646975684567046,54.935019759071245
68,서울특별시,서울 도봉구,서울 도봉구 도봉동 634-6 다이아포레 3층 302호,오피스텔(주거용),266,37.6721915911423,127.046848748564,http://www.khug.or.kr/updata/khgc/khgccms/cms/upload/1264/20241002182159220.jpg,POINT (127.046848748564 37.6721915911423),13590.0,38.99,348.5509104898692,327.76642418954,도봉역,16.646975684567046,54.935019759071245
67,서울특별시,서울 도봉구,서울 도봉구 쌍문동 31-46 쌍문동주택 3층 302호,다세대주택,136,37.6595050817978,127.038030187159,http://www.khug.or.kr/updata/khgc/khgccms/cms/upload/1264/20240926173745522.png,POINT (127.038030187159 37.6595050817978),15660.0,37.71,415.2744630071599,936.6385320793501,방학역,15.369863087591536,50.72054818905207
66,서울특별시,서울 동대문구,서울 동대문구 청량리동 206-7 홍릉한강뉴스타 102동 3층 303호,다세대주택,1374,37.5910772127591,127.045850936683,http://www.khug.or.kr/updata/khgc/khgccms/cms/upload/1264/20241002183518762.jpg,POINT (127.045850936683 37.5910772127591),27900.0,41.96,664.9189704480458,1110.9607254396453,청량리역,8.539480959241361,28.18028716549649
65,서울특별시,서울 서대문구,서울 서대문구 북가좌동 3-101 로운힐 A동 4층 401호,다세대주택,428,37.5823895816467,126.916764525772,http://www.khug.or.kr/updata/khgc/khgccms/cms/upload/1264/20240926172919398.png,POINT (126.916764525772 37.5823895816467),10530.0,29.69,354.6648703267093,739.4662994991305,증산(명지대앞),14.576536116099831,48.10256918312944
64,서울특별시,서울 서대문구,"서울 서대문구 홍은동 10-236, 10-237, 10-270, 10-289 미소지움 101동 4층 403호",다세대주택,204,37.6029678145315,126.947947361954,http://www.khug.or.kr/updata/khgc/khgccms/cms/upload/1264/20241002182302863.jpg,POINT (126.947947361954 37.6029678145315),16200.0,29.91,541.6248746238716,1199.674196759883,녹번,13.438107352849013,44.34575426440174
63,서울특별시,서울 양천구,"서울 양천구 신월동 131-2, 131-3 그라비스 102동 2층 202호",오피스텔(주거용),178,37.5316190596553,126.831626577507,http://www.khug.or.kr/updata/khgc/khgccms/cms/upload/1264/20240926173044184.png,POINT (126.831626577507 37.5316190596553),16200.0,29.65,546.3743676222597,1328.603286330477,화곡,21.07634355342047,69.55193372628756
62,서울특별시,서울 양천구,서울 양천구 신월동 202-2 이스트힐 202동 3층 301호,다세대주택,249,37.5300798557498,126.829037890855,http://www.khug.or.kr/updata/khgc/khgccms/cms/upload/1264/20241002183711412.jpg,POINT (126.829037890855 37.5300798557498),15930.0,52.29,304.6471600688468,1620.6784827092881,화곡,21.315232598783883,70.34026757598681
61,서울특별시,서울 양천구,"서울 양천구 신월동 242-4, 242-5, 242-6, 242-7 소노하우스 A동 4층 402호",다세대주택,198,37.5277397704326,126.836999081381,http://www.khug.or.kr/updata/khgc/khgccms/cms/upload/1264/20240926173505436.png,POINT (126.836999081381 37.5277397704326),20790.0,50.61,410.7883817427386,1043.1666490751054,까치산,20.498152171254304,67.6439021651392
60,서울특별시,서울 양천구,"서울 양천구 신월동 86-4, 86-5 SK이팰리스 3층 303호",연립주택,154,37.5369656100015,126.833865243224,http://www.khug.or.kr/updata/khgc/khgccms/cms/upload/1264/20240926165911897.png,POINT (126.833865243224 37.5369656100015),16200.0,28.12,576.1024182076814,813.9443872550478,화곡,20.927016973143058,69.05915601137208
59,서울특별시,서울 양천구,"서울 양천구 신정동 923-20, 923-21, 923-22 동광팰리스 4층 403호",다세대주택,534,37.5254167987673,126.854368245737,http://www.khug.or.kr/updata/khgc/khgccms/cms/upload/1264/20240926165829344.png,POINT (126.854368245737 37.5254167987673),15840.0,25.96,610.1694915254237,97.007285861854,신정(은행정),18.746411835371518,61.863159056726005
58,서울특별시,서울 은평구,"서울 은평구 불광동 197, 197-2 수성렉스빌 B동 2층 203호",다세대주택,256,37.6220073830173,126.93024428957,http://www.khug.or.kr/updata/khgc/khgccms/cms/upload/1264/20241002183656385.jpg,POINT (126.93024428957 37.6220073830173),14940.0,29.88,500.0,447.3313403545791,독바위,16.037713677742037,52.924455136548715
57,서울특별시,서울 은평구,서울 은평구 신사동 270-36 파크원 A동 3층 304호,다세대주택,232,37.6008750220084,126.906610579667,http://www.khug.or.kr/updata/khgc/khgccms/cms/upload/1264/20240926165726439.png,POINT (126.906610579667 37.6008750220084),16110.0,28.59,563.4837355718782,813.8350872209276,응암,16.44439231007717,54.26649462325466
56,서울특별시,서울 은평구,"서울 은평구 응암동 366-6, 366-7, 366-9 동인에버빌 8층 801호",오피스텔(주거용),197,37.591057987314,126.918508762673,http://www.khug.or.kr/updata/khgc/khgccms/cms/upload/1264/20240926165623285.png,POINT (126.918508762673 37.591057987314),14130.0,17.28,817.7083333333333,522.4925953075686,새절(신사),14.906468258243082,49.19134525220217
55,서울특별시,서울 은평구,"서울 은평구 응암동 99-60, 99-52 솔빛엘르빌 3층 302호",다세대주택,457,37.5994755405433,126.924957659241,http://www.khug.or.kr/updata/khgc/khgccms/cms/upload/1264/20241002182039842.jpg,POINT (126.924957659241 37.5994755405433),18090.0,44.72,404.5169946332737,605.6766547101922,역촌,14.896358284615557,49.15798233923134
54,서울특별시,서울 중랑구,"서울 중랑구 상봉동 116-17, 116-18, 116-39 로젠하임 3층 305호",오피스텔(주거용),1112,37.5960799617292,127.083131258595,http://www.khug.or.kr/updata/khgc/khgccms/cms/upload/1264/20240926173347688.jpg,POINT (127.083131258595 37.5960799617292),12240.0,16.58,738.2388419782872,298.2319306124231,상봉,9.96803257929444,32.894507511671655
53,인천광역시,인천 계양구,"인천 계양구 동양동 597-3, 597-4 아인스빌2차 3층 301호",다세대주택,39,37.5634798311089,126.756540763739,http://www.khug.or.kr/updata/khgc/khgccms/cms/upload/1264/20241002182211876.jpg,POINT (126.756540763739 37.5634798311089),6840.0,33.61,203.51085986313598,1419.820342208275,귤현,29.005227243042064,95.7172499020388
52,인천광역시,인천 계양구,"인천 계양구 작전동 197, 197-3 유림파크빌 4층 401호",다세대주택,36,37.5289317311853,126.729461128251,http://www.khug.or.kr/updata/khgc/khgccms/cms/upload/1264/20241002182447409.jpg,POINT (126.729461128251 37.5289317311853),8820.0,39.69,222.22222222222223,702.8509863053299,작전,31.22011266701464,103.0263718011483
51,인천광역시,인천 계양구,인천 계양구 장기동 147-20 에덴하우스 C동 5층 501호,다세대주택,32,37.5783330317786,126.736066910822,http://www.khug.or.kr/updata/khgc/khgccms/cms/upload/1264/20240926171224861.jpeg,POINT (126.736066910822 37.5783330317786),10440.0,70.54,148.00113410830733,672.3802128268347,계양,31.324538190140633,103.37097602746408
50,인천광역시,인천 남동구,인천 남동구 간석동 114-4 휴하임주건축물 1동 3층 303호,오피스텔(주거용),26,37.465828544206,126.711176483233,http://www.khug.or.kr/updata/khgc/khgccms/cms/upload/1264/20241002182116875.jpg,POINT (126.711176483233 37.465828544206),12510.0,67.968,184.0572033898305,312.42249130458913,간석오거리,33.204844406187085,109.57598654041738
49,인천광역시,인천 남동구,인천 남동구 간석동 120-7 하이베리원 1동 11층 1101호,다세대주택,21,37.4646415768831,126.714075109232,http://www.khug.or.kr/updata/khgc/khgccms/cms/upload/1264/20240926172757916.png,POINT (126.714075109232 37.4646415768831),15930.0,70.16,227.05245153933868,624.4451457694481,간석오거리,32.931747064972924,108.67476531441065
48,인천광역시,인천 남동구,인천 남동구 간석동 216-18 티케이리즈빌 7층 702호,오피스텔(주거용),37,37.4677289158232,126.707535707939,http://www.khug.or.kr/updata/khgc/khgccms/cms/upload/1264/20241002182530628.jpg,POINT (126.707535707939 37.4677289158232),13590.0,58.04,234.1488628532047,125.05872149019581,간석오거리,33.5441816480844,110.6957994386785
47,인천광역시,인천 남동구,인천 남동구 간석동 216-18 TK리즈빌 4층 402호,오피스텔(주거용),32,37.4677289158232,126.707535707939,http://www.khug.or.kr/updata/khgc/khgccms/cms/upload/1264/20241002182146736.jpg,POINT (126.707535707939 37.4677289158232),13590.0,58.04,234.1488628532047,125.05872149019581,간석오거리,33.5441816480844,110.6957994386785
46,인천광역시,인천 남동구,"인천 남동구 간석동 285-3, 285-8 우리드란 14층 1401호",오피스텔(주거용),45,37.4607459516732,126.707985865524,http://www.khug.or.kr/updata/khgc/khgccms/cms/upload/1264/20241002183821621.jpg,POINT (126.707985865524 37.4607459516732),14490.0,75.8,191.16094986807389,469.3878432206468,석천사거리,33.58604863441935,110.83396049358385
45,인천광역시,인천 남동구,"인천 남동구 구월동 1118-27, 1118-28 두원파크빌 3층 302호",오피스텔(주거용),50,37.451090179977,126.694648015737,http://www.khug.or.kr/updata/khgc/khgccms/cms/upload/1264/20240926171603888.png,POINT (126.694648015737 37.451090179977),11520.0,53.3,216.13508442776737,671.961072053468,예술회관,35.04601162096163,115.65183834917337
44,인천광역시,인천 남동구,인천 남동구 만수동 2-10 월드이클래스 9층 903호,오피스텔(주거용),19,37.4628834758093,126.738725110558,http://www.khug.or.kr/updata/khgc/khgccms/cms/upload/1264/20240926173620687.png,POINT (126.738725110558 37.4628834758093),13770.0,57.834,238.09523809523807,1045.3502836145221,만수,30.511913250706098,100.68931372733012
43,인천광역시,인천 동구,인천 동구 송림동 8-467 참좋은집 1동 4층 404호,오피스텔(주거용),13,37.4825813555819,126.651336895936,http://www.khug.or.kr/updata/khgc/khgccms/cms/upload/1264/20240926173807163.png,POINT (126.651336895936 37.4825813555819),10170.0,68.7,148.03493449781658,1667.9103425110407,제물포(인천대학교 제물포캠퍼스),39.016294341057744,128.75377132549056
42,인천광역시,인천 미추홀구,인천 미추홀구 숭의동 339-14 스타뷰 9층 902호,오피스텔(주거용),40,37.4609961701491,126.643228772085,http://www.khug.or.kr/updata/khgc/khgccms/cms/upload/1264/20240926171536124.png,POINT (126.643228772085 37.4609961701491),13230.0,80.75,163.8390092879257,472.4586137220181,숭의역(인하대병원),40.00977855361005,132.03226922691314
41,인천광역시,인천 미추홀구,"인천 미추홀구 용현동 565-25, 565-26 리치타운 3층 301호",다세대주택,17,37.4562829837411,126.64048876307,http://www.khug.or.kr/updata/khgc/khgccms/cms/upload/1264/20240926171354319.png,POINT (126.64048876307 37.4562829837411),12510.0,67.13,186.35483390436468,511.9667502497785,숭의역(인하대병원),40.33724427008448,133.11290609127877
40,인천광역시,인천 미추홀구,인천 미추홀구 주안동 1485 탑클래시아 9층 903호,오피스텔(주거용),32,37.4509729048657,126.682053611862,http://www.khug.or.kr/updata/khgc/khgccms/cms/upload/1264/20240926173531100.png,POINT (126.682053611862 37.4509729048657),14400.0,59.34,242.66936299292212,748.8391620774453,시민공원(문화창작지대),36.29229728985029,119.76458105650595
39,인천광역시,인천 미추홀구,인천 미추홀구 주안동 173-8 명가캐스빌 4층 402호,다세대주택,24,37.4605694406468,126.680741512334,http://www.khug.or.kr/updata/khgc/khgccms/cms/upload/1264/20240926171327738.png,POINT (126.680741512334 37.4605694406468),11880.0,67.09,177.07557012967655,219.79835474369233,시민공원(문화창작지대),36.28986536452216,119.75655570292311
38,인천광역시,인천 미추홀구,"인천 미추홀구 주안동 180-17, 180-13 뉴팰리스 7층 702호",오피스텔(주거용),30,37.4591911813541,126.681614859279,http://www.khug.or.kr/updata/khgc/khgccms/cms/upload/1264/20240926172957533.png,POINT (126.681614859279 37.4591911813541),11430.0,57.3,199.47643979057594,95.53864171190659,시민공원(문화창작지대),36.220703701911845,119.52832221630908
37,인천광역시,인천 미추홀구,인천 미추홀구 주안동 75-89 스타캐슬 4층 402호,오피스텔(주거용),21,37.4622000221832,126.684407674319,http://www.khug.or.kr/updata/khgc/khgccms/cms/upload/1264/20240926174139871.png,POINT (126.684407674319 37.4622000221832),11880.0,57.553,206.41843170642713,471.2935435932199,주안,35.90596222992086,118.48967535873884
36,인천광역시,인천 부평구,인천 부평구 부개동 317-7 그레이스힐 1동 5층 503호,다세대주택,53,37.4859607199669,126.739421994282,http://www.khug.or.kr/updata/khgc/khgccms/cms/upload/1264/20240926173933689.png,POINT (126.739421994282 37.4859607199669),7470.0,34.35,217.46724890829694,319.1387389691476,부개역,30.203882756651772,99.67281309695085
35,인천광역시,인천 부평구,인천 부평구 부평동 158-1 하이원 6층 604호,오피스텔(주거용),26,37.4972409051362,126.732074676578,http://www.khug.or.kr/updata/khgc/khgccms/cms/upload/1264/20240926173019735.png,POINT (126.732074676578 37.4972409051362),17640.0,67.64,260.79243051448844,984.2479979760427,굴포천,30.885129315356032,101.9209267406749
34,인천광역시,인천 부평구,인천 부평구 부평동 158-1 하이원 7층 708호,오피스텔(주거용),27,37.4972409051362,126.732074676578,http://www.khug.or.kr/updata/khgc/khgccms/cms/upload/1264/20240926172605810.png,POINT (126.732074676578 37.4972409051362),17640.0,66.43,265.54267650158056,984.2479979760427,굴포천,30.885129315356032,101.9209267406749
33,인천광역시,인천 부평구,인천 부평구 부평동 375-2 예승파크뷰 2층 203호,오피스텔(주거용),68,37.5018126680294,126.730442256213,http://www.khug.or.kr/updata/khgc/khgccms/cms/upload/1264/20240926171420713.png,POINT (126.730442256213 37.5018126680294),12420.0,59.21,209.7618645499071,542.872992156555,굴포천,31.039023609894805,102.42877791265285
32,인천광역시,인천 부평구,인천 부평구 부평동 495-3 헤르메스 1동 4층 406호 (외벽표시:A동),오피스텔(주거용),29,37.4902471477826,126.731448462065,http://www.khug.or.kr/updata/khgc/khgccms/cms/upload/1264/20240926171250479.png,POINT (126.731448462065 37.4902471477826),16470.0,63.26,260.3540942143535,645.9921351429111,부개역,30.975030619224846,102.21760104344199
31,인천광역시,인천 부평구,인천 부평구 부평동 564-8 반석아인스힐 2동 4층 402호 (외벽표기:B동),오피스텔(주거용),34,37.4922757548093,126.728215319991,http://www.khug.or.kr/updata/khgc/khgccms/cms/upload/1264/20240926170037475.png,POINT (126.728215319991 37.4922757548093),15660.0,70.41,222.4115892628888,507.01396353580253,부평,31.288494416159534,103.25203157332645
30,인천광역시,인천 부평구,인천 부평구 부평동 746-2 트인레뷰 6층 605호,오피스텔(주거용),51,37.4891466568597,126.720568794183,http://www.khug.or.kr/updata/khgc/khgccms/cms/upload/1264/20240926172653097.png,POINT (126.720568794183 37.4891466568597),13500.0,69.92,193.07780320366132,281.3527764302494,부평,32.067203841357916,105.82177267648112
29,인천광역시,인천 서구,인천 서구 검암동 635-12 휴캐슬 나동 2층 202호,다세대주택,43,37.5615388876533,126.676426411378,http://www.khug.or.kr/updata/khgc/khgccms/cms/upload/1264/20240926173713466.png,POINT (126.676426411378 37.5615388876533),9900.0,49.59,199.6370235934664,116.03195326203924,검바위,36.86138084092359,121.64255677504784
28,인천광역시,인천 서구,인천 서구 검암동 673-3 삼성센스빌 A동 3층 302호,다세대주택,18,37.5554013830943,126.674057987639,http://www.khug.or.kr/updata/khgc/khgccms/cms/upload/1264/20240926173649548.png,POINT (126.674057987639 37.5554013830943),10080.0,52.58,191.70787371624192,507.46089140982366,아시아드경기장(공촌사거리),37.0083264367763,122.12747724136179
27,인천광역시,인천 서구,인천 서구 경서동 731-14 두호리치빌 3층 303호,다세대주택,19,37.5581226608439,126.653371997036,http://www.khug.or.kr/updata/khgc/khgccms/cms/upload/1264/20240926171452092.png,POINT (126.653371997036 37.5581226608439),9180.0,50.715,181.01153504880213,2293.050760694117,검암,39.094735743454855,129.01262795340102
26,인천광역시,인천 서구,인천 서구 당하동 1042-4 중앙E-클래스13차 102동 4층 401호,다세대주택,23,37.5903182876274,126.702396760212,http://www.khug.or.kr/updata/khgc/khgccms/cms/upload/1264/20240926171201915.png,POINT (126.702396760212 37.5903182876274),9540.0,45.15,211.29568106312294,2694.978746685977,독정,34.87967127082667,115.10291519372801
25,인천광역시,인천 서구,"인천 서구 왕길동 669-1, 669-3 타워팰리스6차 2동 4층 404호",연립주택,29,37.6004685505063,126.659751307135,http://www.khug.or.kr/updata/khgc/khgccms/cms/upload/1264/20240926171129194.png,POINT (126.659751307135 37.6004685505063),11970.0,59.6,200.83892617449663,350.68712425245974,검단사거리,39.26311323142535,129.56827366370365
24,인천광역시,인천 서구,인천 서구 왕길동 673-3 힐스타운 103동 3층 304호,연립주택,21,37.5980172155829,126.659369536676,http://www.khug.or.kr/updata/khgc/khgccms/cms/upload/1264/20240926171056176.png,POINT (126.659369536676 37.5980172155829),12330.0,73.64,167.43617599130906,467.47700113140553,검단사거리,39.24185749748318,129.4981297416945
23,인천광역시,인천 서구,인천 서구 청라동 167-17 딜라이트타워2 4층 406호,오피스텔(주거용),70,37.5326314253568,126.656821252574,http://www.khug.or.kr/updata/khgc/khgccms/cms/upload/1264/20240926171030266.png,POINT (126.656821252574 37.5326314253568),5940.0,27.125,218.98617511520737,2009.2063729117328,가정(루원시티),38.4919322075558,127.02337628493413
22,인천광역시,인천 중구,인천 중구 운서동 3087-2 솔리움센텀스카이 9층 933호,오피스텔(주거용),60,37.4930984376519,126.497035407943,http://www.khug.or.kr/updata/khgc/khgccms/cms/upload/1264/20240926174019566.png,POINT (126.497035407943 37.4930984376519),9900.0,24.232,408.5506767910201,337.89823030566424,운서,54.3920125955801,179.49364156541432
21,경기도,경기 부천시 소사구,경기 부천시 소사구 소사본동 174-1 폭스밸리빌 2층 201호,다세대주택,60,37.4750243191601,126.791546631111,http://www.khug.or.kr/updata/khgc/khgccms/cms/upload/1264/20240926172828004.png,POINT (126.791546631111 37.4750243191601),17460.0,69.03,252.9335071707953,867.0831285800197,소사(서울신대),25.11564316308818,82.88162243819099
20,경기도,경기 부천시 오정구,경기 부천시 오정구 고강동 313-8 태산아트빌 3층 302호,다세대주택,27,37.5292861128712,126.823189446464,http://www.khug.or.kr/updata/khgc/khgccms/cms/upload/1264/20240926173911653.png,POINT (126.823189446464 37.5292861128712),14310.0,41.455,345.19358340369075,1888.0436785296674,원종역,21.887733570970653,72.22952078420315
19,경기도,경기 부천시 오정구,경기 부천시 오정구 고강동 326-23 도요하우스 C동 2층 203호,다세대주택,30,37.5262525947466,126.825838170836,http://www.khug.or.kr/updata/khgc/khgccms/cms/upload/1264/20241002175355187.jpg,POINT (126.825838170836 37.5262525947466),18180.0,61.17,297.204512015694,2104.152442837779,원종역,21.593608126513228,71.25890681749365
18,경기도,경기 부천시 오정구,경기 부천시 오정구 고강동 345-6 선사파크뷰 3층 301호,다세대주택,34,37.5248258971551,126.816404324914,http://www.khug.or.kr/updata/khgc/khgccms/cms/upload/1264/20240926165705645.png,POINT (126.816404324914 37.5248258971551),12240.0,36.83,332.3377681238121,1155.8609481394099,원종역,22.520459680976696,74.3175169472231
17,경기도,경기 부천시 오정구,경기 부천시 오정구 내동 18-4 캐슬빌 3층 301호,다세대주택,24,37.5190857895019,126.773199760324,http://www.khug.or.kr/updata/khgc/khgccms/cms/upload/1264/20241002182318489.jpg,POINT (126.773199760324 37.5190857895019),13230.0,35.11,376.81572201651954,1643.8571290255832,신중동,26.79347466450967,88.41846639288191
16,경기도,경기 부천시 오정구,경기 부천시 오정구 삼정동 307-9 마메든 3층 301호,다세대주택,21,37.5169223186016,126.771943606234,http://www.khug.or.kr/updata/khgc/khgccms/cms/upload/1264/20240926170011987.png,POINT (126.771943606234 37.5169223186016),16020.0,49.49,323.7017579308951,1441.1503667024408,부평구청,26.90915217962764,88.80020219277121
15,경기도,경기 부천시 오정구,경기 부천시 오정구 삼정동 307-9 마메든 4층 401호,다세대주택,22,37.5169223186016,126.771943606234,http://www.khug.or.kr/updata/khgc/khgccms/cms/upload/1264/20241002173923445.jpg,POINT (126.771943606234 37.5169223186016),15570.0,49.49,314.6090119216003,1441.1503667024408,부평구청,26.90915217962764,88.80020219277121
14,경기도,경기 부천시 오정구,경기 부천시 오정구 작동 126-3 비오스타운 B동 2층 204호,다세대주택,27,37.5148546654259,126.815463797025,http://www.khug.or.kr/updata/khgc/khgccms/cms/upload/1264/20241002173853016.jpg,POINT (126.815463797025 37.5148546654259),17190.0,47.16,364.5038167938932,955.9891295123175,까치울,22.552325580710814,74.42267441634569
13,경기도,경기 부천시 원미구,경기 부천시 원미구 심곡동 138-2 트윈캐슬 4층 에이404호,오피스텔(주거용),162,37.4854856763962,126.787466245276,http://www.khug.or.kr/updata/khgc/khgccms/cms/upload/1264/20240926171941885.png,POINT (126.787466245276 37.4854856763962),20880.0,70.64,295.5832389580974,503.00884599228016,부천역,25.415590674983225,83.87144922744464
12,경기도,경기 부천시 원미구,경기 부천시 원미구 심곡동 308-2 발렌시아 3층 302호,다세대주택,34,37.4922033097427,126.772610407199,http://www.khug.or.kr/updata/khgc/khgccms/cms/upload/1264/20241002182001138.jpg,POINT (126.772610407199 37.4922033097427),20070.0,66.65,301.12528132033003,745.4449144466269,중동역,26.85420979047109,88.61889230855459
11,경기도,경기 부천시 원미구,경기 부천시 원미구 심곡동 325-18 메트로빌 4층 402호,다세대주택,39,37.4901982915628,126.775715860411,http://www.khug.or.kr/updata/khgc/khgccms/cms/upload/1264/20240926165500016.png,POINT (126.775715860411 37.4901982915628),15660.0,46.475,336.9553523399677,845.1998126939055,중동역,26.555118388105203,87.63189068074716
10,경기도,경기 부천시 원미구,"경기 부천시 원미구 심곡동 328-23, 328-40 아워홈 101동 3층 302호",다세대주택,51,37.4901723672108,126.776203967799,http://www.khug.or.kr/updata/khgc/khgccms/cms/upload/1264/20241002182133316.jpg,POINT (126.776203967799 37.4901723672108),11700.0,39.67,294.9331988908495,887.035427009249,중동역,26.506545488039507,87.47160011053036
9,경기도,경기 부천시 원미구,경기 부천시 원미구 심곡동 437-2 세영프라임 5층 502호,다세대주택,40,37.4926791985777,126.780603717446,http://www.khug.or.kr/updata/khgc/khgccms/cms/upload/1264/20241002173948924.jpg,POINT (126.780603717446 37.4926791985777),13140.0,39.92,329.1583166332665,887.9658353009505,부천역,26.053494595017103,85.97653216355643
8,경기도,경기 부천시 원미구,경기 부천시 원미구 약대동 117 메트로빌 4층 402호,다세대주택,36,37.5139660068226,126.772346113505,http://www.khug.or.kr/updata/khgc/khgccms/cms/upload/1264/20241002182247772.jpg,POINT (126.772346113505 37.5139660068226),17730.0,53.07,334.0870548332391,1174.1775735613567,신중동,26.858357116888754,88.63257848573288
7,경기도,경기 부천시 원미구,"경기 부천시 원미구 역곡동 224-1, 224-2 우진아트빌 3층 301호",다세대주택,120,37.4883558572965,126.816917524606,http://www.khug.or.kr/updata/khgc/khgccms/cms/upload/1264/20241002183532907.jpg,POINT (126.816917524606 37.4883558572965),12060.0,43.41,277.81617138908086,542.7111013366159,온수(성공회대입구),22.456994572600017,74.10808208958005
6,경기도,경기 부천시 원미구,"경기 부천시 원미구 역곡동 27-9, 27-112 동양그린빌 가동 3층 303호",다세대주택,47,37.4843976560948,126.803465101011,http://www.khug.or.kr/updata/khgc/khgccms/cms/upload/1264/20241002182424427.jpg,POINT (126.803465101011 37.4843976560948),14400.0,43.92,327.86885245901635,769.0100833582208,소사(서울신대),23.830723441943956,78.64138735841505
5,경기도,경기 부천시 원미구,경기 부천시 원미구 역곡동 99-19 플로렌스빌 4층 401호,다세대주택,49,37.4899599714091,126.81010099446,http://www.khug.or.kr/updata/khgc/khgccms/cms/upload/1264/20241002183807290.jpg,POINT (126.81010099446 37.4899599714091),18990.0,42.19,450.1066603460536,499.1575329177009,역곡역(가톨릭대),23.12507824667358,76.31275821402282
4,경기도,경기 부천시 원미구,경기 부천시 원미구 원미동 42-1 해냄스토리 주건축물 1동 7층 708호,오피스텔(주거용),62,37.4989136660043,126.78969899602,http://www.khug.or.kr/updata/khgc/khgccms/cms/upload/1264/20240926174049745.png,POINT (126.78969899602 37.4989136660043),21870.0,55.66,392.92130794107084,551.1575461396411,춘의,25.12027509848237,82.89690782499181
3,경기도,경기 부천시 원미구,경기 부천시 원미구 중동 859-6 화인파크빌 5층 502호,다세대주택,42,37.4866865323738,126.769629435857,http://www.khug.or.kr/updata/khgc/khgccms/cms/upload/1264/20241002183440186.jpg,POINT (126.769629435857 37.4866865323738),19890.0,44.63,445.66435133318396,143.19212148017021,중동역,27.18520123699389,89.71116408207983
2,경기도,경기 부천시 원미구,경기 부천시 원미구 춘의동 193-9 아이원 A동 2층 203호,오피스텔(주거용),57,37.5010678483127,126.792535836876,http://www.khug.or.kr/updata/khgc/khgccms/cms/upload/1264/20240926173838257.png,POINT (126.792535836876 37.5010678483127),21780.0,64.77,336.2667901806392,621.5171613975472,춘의,24.8316333932884,81.94439019785172
1,경기도,경기 부천시 원미구,경기 부천시 원미구 춘의동 205-33 제이와이팰리스 8층 806호,오피스텔(주거용),85,37.4995756202623,126.787125726907,http://www.khug.or.kr/updata/khgc/khgccms/cms/upload/1264/20240926173440208.png,POINT (126.787125726907 37.4995756202623),22140.0,67.96,325.77987051206594,408.3274330625493,춘의,25.375787202864856,83.74009776945402
